Manu​;2062
Manu​;2107
Manu​;2141
hht​;35
hht​;35
hht​;45
hht​;35
hht​;66
juu​;98
grgtrg​;109
;33
;33
;34
;131
;167
;87
;109
hthythtyhty​;45
;270
Inconnu;400
Inconnu;40
Inconnu;40
Inconnu;40
Inconnu;26
Inconnu;21
Inconnu;43
Inconnu;43
Inconnu;43
Inconnu;42
Inconnu;43
Inconnu;44
Inconnu;44
Inconnu;44
Inconnu;44
Inconnu;44
Inconnu;44
Inconnu;44
Inconnu;42
Inconnu;42
Inconnu;42
Inconnu;45
Inconnu;44
Inconnu;44
Inconnu;44
Inconnu;45
Inconnu;45
Inconnu;45
Inconnu;44
Inconnu;45
Inconnu;322
Inconnu;50
Inconnu;50
Inconnu;50
Inconnu;50
Inconnu;51
Inconnu;45
Inconnu;45
Inconnu;45
Inconnu;45
Inconnu;46
Inconnu;330
Inconnu;42
Inconnu;45
Inconnu;47
Inconnu;55
Inconnu;289
Inconnu;69
Inconnu;163
Inconnu;53
Inconnu;63
Inconnu;67
Inconnu;63
Inconnu;198
Inconnu;466
Inconnu;148
Inconnu;266
Inconnu;180
Inconnu;109
Inconnu;306
Inconnu;398
Inconnu;54
Inconnu;135
Inconnu;88
Inconnu;51
Inconnu;92
Inconnu;139
Inconnu;49
Inconnu;214
Inconnu;36
Inconnu;29
Inconnu;31
Inconnu;30
Inconnu;38
Inconnu;29
Inconnu;105
Inconnu;48
Inconnu;52
bgrgtr​;1
Inconnu;293
ferfer​;253
Inconnu;20
Inconnu;150
Inconnu;83
grgr​;41
grgr​;30
grgr​;53
Inconnu;140
fffee​;179
Inconnu;25
Inconnu;68
Inconnu;48
Inconnu;130
Inconnu;41
Inconnu;54
Inconnu;148
Inconnu;75
fefefre​;33
Inconnu;222
Inconnu;616
Inconnu;97
Inconnu;70
Inconnu;76
Inconnu;96
Inconnu;32
Inconnu;293
feferfef​;244
Inconnu;145
Inconnu;151
Inconnu;162
Inconnu;180
Inconnu;122
Inconnu;255
Inconnu;137
Inconnu;39
Inconnu;283
Inconnu;62
Inconnu;64
Inconnu;84
Inconnu;28
Inconnu;22
Inconnu;23
Inconnu;21
Inconnu;1
gregreg​;1
Inconnu;20
Inconnu;48
Inconnu;42
Inconnu;25
Inconnu;49
Inconnu;46
Inconnu;27
Inconnu;35
Inconnu;35
Inconnu;35
Inconnu;35
Inconnu;35
Inconnu;35
Inconnu;35
Inconnu;31
Inconnu;31
Inconnu;31
Inconnu;31
Inconnu;31
Inconnu;31
Inconnu;31
Inconnu;31
Inconnu;31
Inconnu;31
Inconnu;31
Inconnu;31
Inconnu;31
Inconnu;31
Inconnu;31
Inconnu;31
Inconnu;31
Inconnu;31
Inconnu;31
Inconnu;31
Inconnu;31
Inconnu;31
Inconnu;31
Inconnu;31
Inconnu;31
Inconnu;31
Inconnu;31
Inconnu;31
Inconnu;31
Inconnu;31
Inconnu;31
Inconnu;31
Inconnu;31
Inconnu;31
Inconnu;31
Inconnu;31
Inconnu;31
Inconnu;31
Inconnu;31
Inconnu;31
Inconnu;31
Inconnu;31
Inconnu;31
Inconnu;31
Inconnu;31
Inconnu;28
Inconnu;143
erger​;263
